,repository_name,languages
0,.github,
1,aioshumway,Python
2,android-auth,HTML
3,android-sdk,HTML
4,android-store-service,Python
5,annoy,C++
6,annoy-java,Java
7,apollo,Java
8,apollo-elide,Java
9,apollo-metrics,
10,apps-tutorial,
11,async-datastore-client,Java
12,async-google-pubsub-client,Java
13,backup-utils,Shell
14,basic-pitch,Python
15,basic-pitch-ts,TypeScript
16,batty,Python
17,bazel-tools,Java
18,beam,Java
19,big-data-rosetta-code,Scala
20,bigtable-autoscaler,Java
21,boilerplate-app,
22,bucket-runner,JavaScript
23,cartography,Python
24,cassandra-extra,Java
25,cassandra-medusa,Python
26,cassandra-opstools,Java
27,cassandra-reaper,
28,certcheck,Python
29,chartify,Python
30,code-of-conduct,
31,collectd,C
32,comet,Python
33,comet-common,Python
34,comet-core,Python
35,completable-futures,Java
36,condor,Java
37,confidence,Python
38,container-agent,Python
39,cookiecutter-golang,Go
40,coordinator,HTML
41,crtauth,Python
42,crtauth-java,Java
43,crtauth-java-agent-signer-apache,Java
44,crunch-lib,Java
45,cstar,Python
46,daemon-java,Java
47,dataenum,Java
48,DataflowJavaSDK,Java
49,dataproc-java-submitter,Java
50,dataprocxy,Python
51,dbeam,Java
52,debify,Shell
53,dh-virtualenv,Python
54,diffuser,Swift
55,dns-java,Java
56,docgenerator,Java
57,docker-alpine,
58,docker-bigtable,Go
59,docker-cassandra,Shell
60,docker-client,Java
61,docker-gc,Shell
62,docker-kafka,Shell
63,docker-maven-plugin,Java
64,docker-stress,Python
65,dockerfile-maven,Java
66,dockerfile-mode,Emacs Lisp
67,docker_interface,Python
68,drserv,Python
69,druid,
70,duck,Ruby
71,echoprint-codegen,C++
72,echoprint-server,Java
73,elasticsearch-index-window,Java
74,elitzur,Scala
75,eslint-config-oss,JavaScript
76,etcd,Go
77,featran,Scala
78,ffwd,Java
79,ffwd-client-java,Java
80,ffwd-http-client,Java
81,ffwd-ruby,Ruby
82,flink,Java
83,flink-docker,
84,flink-on-k8s-operator,Go
85,flo,Java
86,flume-syslog-source2,Java
87,flyte-flink-plugin,Go
88,fmt-maven-plugin,Java
89,folsom,Java
90,foss-root,
91,futures-extra,Java
92,futuristic-feline,Java
93,gcp-audit,Python
94,gcp-firewall-enforcer,Python
95,gcs-tools,Scala
96,ghelog,Python
97,gimme,Python
98,git-test,Shell
99,github-java-client,Java
100,google-http-java-client,Java
101,gordon,Python
102,gordon-gcp,Python
103,gordon-introspection,Python
104,gordon-janitor,Python
105,gordon-janitor-gcp,Python
106,griffin,Python
107,hadoop-openpgp-codec,Java
108,hdfs2cass,Java
109,helios,Java
110,helios-go,Go
111,helios-skydns,Java
112,heroic,Java
113,heroic-client-go,Go
114,heroic-client-java,Java
115,homebrew-public,Ruby
116,hornet,Scala
117,HubFramework,Objective-C
118,hush-tab,JavaScript
119,hype,Java
120,hyperflo,Scala
121,ieee-spm-vocals-tutorial,Jupyter Notebook
122,ios-ci,Shell
123,ios-sdk,Objective-C
124,ios-style,
125,java-hamcrest,Java
126,java-lkk,Java
127,jenkins-coverage-poster,Groovy
128,jira-lkk-bridge,Java
129,JniHelpers,C++
130,jsconfeu-2013,JavaScript
131,kafka,Scala
132,kairosdb,Java
133,kernel-common,
134,klio,Python
135,lemur,Python
136,lighthouse-audit-service,TypeScript
137,limbo,Scala
138,lingon,JavaScript
139,linux,C
140,logging-java,Java
141,luigi,Python
142,lyceum,Clojure
143,mace,
144,magnolify,Scala
145,metrics-munin-reporter,Java
146,missinglink,Java
147,mlockexec,Python
148,mobius,Java
149,mobius-android-sample,Java
150,Mobius.swift,Swift
151,moob,Ruby
152,netty-batch-flusher,Java
153,netty-zmtp,Java
154,noether,Scala
155,okta-sdk-python,Python
156,openfeature-kotlin-sdk,Kotlin
157,openfeature-swift-sdk,Swift
158,pedalboard,C++
159,PeqBank,C
160,perf-map-agent,C
161,phpconf-argentina-2014,JavaScript
162,platform-external-bluetooth-bluez,
163,polly-jest-presets,TypeScript
164,postgresql-metrics,Python
165,proto-registry,TypeScript
166,proto-requests,TypeScript
167,protoman,Java
168,puppet-talos,Puppet
169,pyeos,Python
170,pyfg,Python
171,pyschema,Python
172,python-graphwalker,Python
173,pythonflow,Python
174,pywk,Python
175,quickstart,JavaScript
176,ratatool,Scala
177,react-native-lookback,Objective-C
178,reactochart,JavaScript
179,realbook,Python
180,redux-location-state,JavaScript
181,requests-crtauth,Python
182,robolectric,Java
183,rspec-dns,Ruby
184,rspec-dnsruby,Ruby
185,ruler,Kotlin
186,s3mper,Java
187,scanctl,Python
188,scio,Scala
189,scio-contrib,Scala
190,scio-idea-plugin,Scala
191,scio.g8,Scala
192,sekexe,Shell
193,semantic-metrics,Java
194,should-up,JavaScript
195,shumway,Python
196,simple-bigtable,Java
197,skydns,
198,skygc,Python
199,snakebite,Python
200,soa-reference-integration,TypeScript
201,spark-bigquery,Scala
202,sparkey,C
203,sparkey-java,Java
204,sparkey-python,Python
205,spawn,Java
206,spotify-checkstyle-config,
207,spotify-heroic-datasource,TypeScript
208,spotify-js-challenge,JavaScript
209,spotify-json,C++
210,spotify-tensorflow,Python
211,spotify-web-api-ts-sdk,TypeScript
212,spotify-web-playback-sdk-example,JavaScript
213,spotify.github.io,HTML
214,SpotifyLogin,Swift
215,sprunch,Scala
216,SPStackedNav,Objective-C
217,SPTDataLoader,Objective-C
218,SPTPersistentCache,Objective-C
219,spydra,Java
220,spymaster,Python
221,squashing-census-exporter,Kotlin
222,ssh-agent-proxy,Java
223,ssh-agent-tls,Java
224,styx,Java
225,super-smash-brogp,Python
226,swupdate,
227,syslog-redirector,Go
228,syslog-redirector-golang,Go
229,talos,Ruby
230,terraform-gke-kubeflow-cluster,HCL
231,terraform-google-aws-hybrid-cloud-vpn,HCL
232,terraform-google-grr,HCL
233,testing-game,Python
234,tfexample-derive,Scala
235,tfreader,Scala
236,tfx,Python
237,threaddump-analyzer,JavaScript
238,trickle,Java
239,ts-interface-loader,TypeScript
240,tutter-jenkins,Ruby
241,uboot,
242,ulogger,Python
243,Vandelay,Java
244,vdisk,Python
245,visualizer-app,
246,volcano,Go
247,voyager,C++
248,wasd,Java
249,web-api,RAML
250,web-api-examples,HTML
251,web-audio-bench,JavaScript
252,web-playback-sdk,
253,web-scripts,TypeScript
254,web-scripts-library-template,TypeScript
255,XCMetrics,Swift
256,XCRemoteCache,Swift
257,zoltar,Java
